<?xml version="1.0" encoding="UTF-8"?>
<beans:beans xmlns="http://www.springframework.org/schema/security" 
    xmlns:beans="http://www.springframework.org/schema/beans" 
    xmlns:xsi="http://www.w3.org/2001/XMLSchema-instance" 
    xsi:schemaLocation="http://www.springframework.org/schema/beans http://www.springframework.org/schema/beans/spring-beans-3.1.xsd
        http://www.springframework.org/schema/security http://www.springframework.org/schema/security/spring-security-3.1.xsd">
    <!-- HTTP security configurations -->
    <http auto-config="true" use-expressions="true">
        
        <form-login 
        	login-processing-url="/resources/j_spring_security_check" 
        	login-page="/login" 
        	authentication-failure-url="/login?login_error=t"
        	default-target-url="/index/rolerd"  />
        
        <logout logout-url="/logout" />
        
        
        
        <!-- Configure these elements to secure URIs in your application -->
        <intercept-url pattern="/choices/**" access="hasRole('ROLE_ADMIN')" />
        <intercept-url pattern="/member/**" access="isAuthenticated()" />
        <intercept-url pattern="/resources/**" access="permitAll" />
        <intercept-url pattern="/**" access="permitAll" />
    </http>

    <!-- Configure Authentication mechanism -->
    <authentication-manager>
        <!-- SHA-256 values can be produced using 'echo -n your_desired_password | sha256sum' (using normal *nix environments) -->
        <authentication-provider>
            <password-encoder hash="plaintext" />
            <jdbc-user-service 
            	data-source-ref="dataSource"  role-prefix="ROLE_"
            	users-by-username-query="select username,password,enabled from userrr where username = ?"
            	authorities-by-username-query="select username, rolee from userrr where username = ?"
            	/>
        </authentication-provider>
    </authentication-manager>
</beans:beans>