<?xml version="1.0" encoding="UTF-8"?>
<beans xmlns="http://www.springframework.org/schema/beans"
       xmlns:xsi="http://www.w3.org/2001/XMLSchema-instance"
       xmlns:context="http://www.springframework.org/schema/context"
       xmlns:tx="http://www.springframework.org/schema/tx"
       xsi:schemaLocation="
http://www.springframework.org/schema/beans http://www.springframework.org/schema/beans/spring-beans-3.0.xsd
http://www.springframework.org/schema/context http://www.springframework.org/schema/context/spring-context-3.0.xsd
http://www.springframework.org/schema/tx http://www.springframework.org/schema/tx/spring-tx-3.0.xsd">

	
   <!-- _______________  -->
   
  <bean id="dataSource" class="org.apache.commons.dbcp.BasicDataSource" destroy-method="close">
  <!--    <property name="driverClassName" value="com.mysql.jdbc.Driver"/>
    <property name="url" value="jdbc:mysql://localhost/l_comenzi"/>
    <property name="username" value="root"/>
    <property name="password" value=""/>-->
        <property name="driverClassName" value="${database.driverClassName}"/>
        <property name="url" value="${database.url}"/>
        <property name="username" value="${database.username}"/>
        <property name="password" value="${database.password}"/>
  </bean>
  
   <bean id="sessionFactory" class="org.springframework.orm.hibernate3.annotation.AnnotationSessionFactoryBean">
    <property name="dataSource" ref="dataSource"/>
    <property name="hibernateProperties">
		<props>
			<prop key="hibernate.dialect"> org.hibernate.dialect.HSQLDialect</prop>
			<prop key="hibernate.show_sql">true</prop>
			<prop key="hibernate.current_session_context_clas">thread</prop>
			<prop key="hibernate.hbm2ddl.auto">validate</prop>
		</props>
	</property>
	<property name="annotatedClasses">
		<list>
			<value>domain.Comanda</value>
			<value>domain.Oferta</value>
			<value>domain.Product</value>
		</list>
	</property>
  </bean>
  
  <bean id="transactionManager" class="org.springframework.orm.hibernate3.HibernateTransactionManager">
  		<property name="sessionFactory" ref="sessionFactory" />
   </bean>	

 <tx:annotation-driven proxy-target-class="true"/>
 


</beans>